dataset_name,prop_lognormal,prop_normal,alpha
titanic_fare_test.arff,0.0038167938931297,0.2061068702290076,0.05
medical_costs.csv,0.0,0.0074626865671641,0.05
salary_football.csv,0.0,0.2237851662404092,0.05
flight_price.csv,0.0004679457182966,0.0383715489003275,0.05
Height.csv,0.0,0.0802139037433155,0.05
wine_quality.arff,0.0,0.0053846153846153,0.05
house_8L.arff,0.02326091727013386,0.48211542681588765,0.05
