Model,Height_MSE,Height_R2,Height_Time,salary_football_MSE,salary_football_R2,salary_football_Time,boston_housing_MSE,boston_housing_R2,boston_housing_Time
RandomForestRegressor,2.949010278074871,0.769028360553737,0.812065839767456,2942034919449.3887,0.6121141867049316,3.374523878097534,13.467039147058824,0.8059921916908164,0.4578690528869629
IQRRandomForestRegressor,3.0113478181546194,0.7641459754571799,0.761728048324585,3091876977231.053,0.5923586059454329,3.3023335933685303,13.259152637382114,0.8089870301017698,0.3825502395629883
OOBRandomForestRegressor,2.947971302435866,0.7691097349417715,3.937444686889648,2907974230131.151,0.6166048397866659,6.9506776332855225,13.818559986289701,0.8009281396115528,2.5825815200805664
OOBRandomForestRegressorGroups,2.950521517743387,0.7689099976214582,3.878674030303955,2910046302544.004,0.6163316521750055,10.711492538452148,13.87720400029221,0.8000833067939721,3.880743980407715
OOBRandomForestRegressorGroupsSigmoid,2.947559218736699,0.7691420100573563,3.4791388511657715,3005013224244.848,0.603810957258524,14.481946468353271,13.084558339259816,0.8115022568529584,3.2641820907592773
OOBRandomForestRegressorGroupsTanh,2.968263405910548,0.7675204219298073,3.4519896507263184,2864614149749.0083,0.6223215496504342,10.14063596725464,14.821047489949956,0.7864861823766586,3.400621175765991
OOBRandomForestRegressorGroupsSoftPlus,2.9496308651639307,0.7689797550882204,3.4152963161468506,3040653884187.4746,0.599111996591257,10.009308099746704,13.028947549409343,0.8123033926734917,3.250892400741577
